date,sox_close,prior_prob,posterior_prob,prior_log_odds,evidence_log_odds,posterior_log_odds,contrib_pe_dev,contrib_ps_dev,contrib_price_momentum_z,contrib_dio_qoq,contrib_capex_surplus,contrib_sentiment_z
2020-12-18,1658.6367,0.3551,0.8195,-0.5965,2.1095,1.513,0.7321,0.3247,0.418,0.0,0.0413,0.5933
2020-12-25,1742.3268,0.3651,0.7985,-0.5532,1.93,1.3768,0.4273,0.5051,0.4902,0.0,0.0314,0.476
2021-01-01,1813.5698,0.3909,0.8517,-0.4434,2.191,1.7476,0.6019,0.3276,0.6732,0.0,0.0436,0.5447
2021-01-08,1886.9701,0.4074,0.9003,-0.3748,2.5753,2.2005,0.6487,0.4615,0.7876,0.0,0.0209,0.6566
2021-01-15,1995.8327,0.4786,0.9711,-0.0855,3.5985,3.513,0.9228,0.495,1.2697,0.0,0.0615,0.8495
2021-01-22,2021.2499,0.4948,0.9633,-0.0209,3.2888,3.268,0.6889,0.3885,1.3774,0.0,0.0672,0.7668
2021-01-29,2093.7488,0.5125,0.9698,0.0501,3.4182,3.4683,0.7483,0.5738,1.4957,0.0,0.0407,0.5597
2021-02-05,2096.1371,0.5132,0.9776,0.0527,3.7242,3.7769,0.7958,0.5701,1.5,0.0,0.0404,0.8179
2021-02-12,2145.0732,0.5066,0.9713,0.0263,3.4938,3.5201,0.7333,0.7313,1.456,0.0,0.055,0.518
2021-02-19,2161.0432,0.5132,0.9732,0.0527,3.5397,3.5924,0.6439,0.6454,1.5,0.0,0.041,0.7094
2021-02-26,2194.3122,0.5132,0.9729,0.0527,3.5266,3.5793,0.7362,0.4799,1.5,0.0,0.0484,0.7621
2021-03-05,2266.3525,0.5132,0.9828,0.0527,3.9923,4.045,0.8628,0.7677,1.5,0.0,0.0917,0.7701
2021-03-12,2228.6456,0.4981,0.9687,-0.0077,3.441,3.4333,0.556,0.6988,1.3994,0.0,0.0447,0.7421
2021-03-19,2418.601,0.5132,0.9684,0.0527,3.3688,3.4215,0.7274,0.6404,1.5,0.0,0.0426,0.4583
2021-03-26,2362.4638,0.5132,0.9707,0.0527,3.4475,3.5002,0.6074,0.5596,1.5,0.0,0.0368,0.7436
2021-04-02,2290.4166,0.5132,0.9741,0.0527,3.5735,3.6262,0.8803,0.4864,1.5,0.0,0.0646,0.6422
2021-04-09,2410.7411,0.5132,0.9663,0.0527,3.3032,3.3559,0.4889,0.545,1.5,0.0,0.0461,0.7232
2021-04-16,2506.4673,0.5132,0.9687,0.0527,3.3796,3.4323,0.6277,0.6911,1.5,0.0,0.0368,0.5239
2021-04-23,2591.2967,0.5132,0.9795,0.0527,3.8146,3.8673,0.7626,0.7708,1.5,0.0,0.0762,0.705
2021-04-30,2657.9154,0.5132,0.9771,0.0527,3.7017,3.7544,0.9337,0.7366,1.5,0.0,0.0781,0.4534
2021-05-07,2683.6807,0.5132,0.9662,0.0527,3.2996,3.3523,0.6988,0.5334,1.5,0.0,0.0377,0.5297
2021-05-14,2650.3189,0.5132,0.9659,0.0527,3.2919,3.3446,0.6283,0.4703,1.5,0.0,0.0124,0.6808
2021-05-21,2681.8448,0.5132,0.9773,0.0527,3.7085,3.7612,0.9791,0.5963,1.5,0.0,0.0699,0.5632
2021-05-28,2663.2622,0.5132,0.9591,0.0527,3.1013,3.154,0.4997,0.4055,1.5,0.0,0.0361,0.6601
2021-06-04,2754.8198,0.5132,0.9544,0.0527,2.9879,3.0406,0.3916,0.6146,1.5,0.0,0.0656,0.4162
2021-06-11,2772.2401,0.5132,0.9692,0.0527,3.3965,3.4492,0.7716,0.5675,1.5,0.0,0.0104,0.547
2021-06-18,2742.7506,0.4928,0.9513,-0.0287,3.0018,2.9731,0.6296,0.5277,1.3644,0.0,0.0674,0.4127
2021-06-25,2748.141,0.5132,0.9607,0.0527,3.1445,3.1972,0.5612,0.4228,1.5,0.0,0.0255,0.635
2021-07-02,2803.9923,0.5132,0.9755,0.0527,3.6333,3.686,0.8102,0.6336,1.5,0.0,0.0644,0.6251
2021-07-09,2792.5152,0.497,0.9645,-0.0122,3.3143,3.3022,0.7386,0.5229,1.3919,0.0,0.0499,0.611
2021-07-16,2763.0388,0.4791,0.9306,-0.0836,2.6792,2.5956,0.6146,0.4499,1.2728,0.0,0.0303,0.3115
2021-07-23,2807.5021,0.4872,0.9228,-0.0511,2.5317,2.4806,0.5153,0.2842,1.327,0.0,0.0414,0.3638
2021-07-30,2852.7708,0.4887,0.9529,-0.0451,3.0534,3.0083,0.826,0.5695,1.337,0.0,0.0633,0.2576
2021-08-06,2845.1436,0.4864,0.9694,-0.0542,3.5084,3.4542,0.793,0.7483,1.3218,0.0,0.0516,0.5939
2021-08-13,2840.0908,0.4861,0.9651,-0.0556,3.3765,3.3209,0.685,0.737,1.3196,0.0,0.0612,0.5738
2021-08-20,2884.9678,0.4722,0.9537,-0.1112,3.1366,3.0254,0.9581,0.5169,1.2268,0.0,0.0888,0.346
2021-08-27,2809.3755,0.4491,0.9009,-0.2042,2.4112,2.2069,0.5207,0.4829,1.0718,0.0,0.0174,0.3184
2021-09-03,2738.6169,0.442,0.9054,-0.233,2.4913,2.2584,0.448,0.5823,1.0239,0.0,0.0807,0.3565
2021-09-10,2716.8145,0.4215,0.8852,-0.3166,2.359,2.0424,0.5401,0.4072,0.8845,0.0,0.0493,0.4779
2021-09-17,2729.4852,0.4138,0.877,-0.3481,2.3128,1.9647,0.6196,0.5237,0.832,0.0,0.0286,0.3089
2021-09-24,2777.9955,0.4051,0.8781,-0.3844,2.3589,1.9745,0.6426,0.5526,0.7715,0.0,0.019,0.3732
2021-10-01,2908.2388,0.4083,0.8791,-0.3712,2.3554,1.9843,0.58,0.6053,0.7936,0.0,0.0422,0.3344
2021-10-08,2999.6782,0.4241,0.9052,-0.3059,2.5623,2.2564,0.6947,0.5011,0.9023,0.0,0.0658,0.3984
2021-10-15,3017.6809,0.4277,0.8867,-0.2914,2.349,2.0577,0.4692,0.4962,0.9265,0.0,0.0451,0.4121
2021-10-22,3046.4231,0.4162,0.902,-0.3384,2.5584,2.22,0.8384,0.4101,0.8482,0.0,0.077,0.3846
2021-10-29,3000.5341,0.3987,0.8298,-0.411,1.995,1.5839,0.5801,0.3787,0.7271,0.0,0.0158,0.2933
2021-11-05,3029.1507,0.3972,0.8544,-0.4172,2.1868,1.7696,0.7489,0.4352,0.7168,0.0,0.0444,0.2414
2021-11-12,3037.5824,0.392,0.8505,-0.4389,2.1777,1.7388,0.6228,0.4814,0.6806,0.0,0.0188,0.374
2021-11-19,3092.4654,0.3795,0.8045,-0.4918,1.9066,1.4148,0.5977,0.4995,0.5924,0.0,0.0487,0.1682
2021-11-26,3059.4354,0.3782,0.7952,-0.4972,1.8541,1.3569,0.6092,0.3237,0.5834,0.0,0.0589,0.2788
2021-12-03,3129.7525,0.3751,0.8083,-0.5102,1.9493,1.4391,0.5797,0.5431,0.5618,0.0,0.032,0.2328
2021-12-10,3280.9773,0.3876,0.8304,-0.4573,2.0458,1.5885,0.6527,0.4056,0.65,0.0,-0.009,0.3464
2021-12-17,3304.8661,0.3878,0.8335,-0.4565,2.0673,1.6107,0.752,0.431,0.6512,0.0,0.0471,0.1859
2021-12-24,3371.1049,0.3779,0.7917,-0.4986,1.8339,1.3353,0.5543,0.3282,0.5812,0.0,0.0498,0.3204
2021-12-31,3462.9796,0.3732,0.7465,-0.5184,1.5983,1.0799,0.6096,0.1448,0.5481,0.0,0.048,0.2478
2022-01-07,3462.8739,0.361,0.7373,-0.5711,1.6032,1.0321,0.4385,0.4291,0.4602,0.0,0.061,0.2144
2022-01-14,3516.9028,0.3492,0.687,-0.6227,1.4088,0.7861,0.5935,0.3622,0.3744,0.0,0.0103,0.0683
2022-01-21,3553.179,0.3481,0.6118,-0.6273,1.0824,0.4551,0.2824,0.2553,0.3666,0.0,0.0449,0.1332
2022-01-28,3597.3873,0.3416,0.6733,-0.6561,1.3793,0.7232,0.5976,0.2579,0.3187,0.0,0.052,0.1531
2022-02-04,3563.8407,0.4115,0.7253,-0.3578,1.3287,0.9709,0.3115,0.2866,0.2957,0.2881,-0.009,0.1558
2022-02-11,3601.6629,0.4,0.5866,-0.4057,0.7558,0.3501,0.0859,0.0596,0.269,0.2587,0.031,0.0516
2022-02-18,3682.5201,0.434,0.7294,-0.2654,1.257,0.9916,0.3348,0.1814,0.2947,0.3739,0.0164,0.0557
2022-02-25,3852.9419,0.4251,0.7593,-0.302,1.4511,1.1491,0.2684,0.3525,0.3509,0.309,0.0286,0.1416
2022-03-04,3983.8717,0.4558,0.7778,-0.1771,1.4298,1.2527,0.487,0.1472,0.3502,0.4,0.0372,0.0081
2022-03-11,4238.1605,0.4473,0.832,-0.2115,1.8113,1.5998,0.3911,0.3977,0.5108,0.3039,0.0288,0.1789
2022-03-18,4199.2386,0.4086,0.672,-0.3697,1.0869,0.7172,0.2744,0.1159,0.3192,0.2641,0.0147,0.0986
2022-03-25,4332.808,0.4114,0.6595,-0.3583,1.0192,0.6609,0.1558,0.3684,0.4277,0.2146,0.0354,-0.1826
2022-04-01,4395.9957,0.4203,0.7979,-0.3215,1.6949,1.3734,0.4262,0.3702,0.5212,0.1967,0.0172,0.1634
2022-04-08,4680.6148,0.427,0.7589,-0.2942,1.4408,1.1467,0.1552,0.2229,0.5424,0.2102,0.018,0.2921
2022-04-15,4632.8376,0.4411,0.7693,-0.2366,1.4412,1.2046,0.2034,0.4411,0.4326,0.3242,0.0485,-0.0085
2022-04-22,4581.9086,0.4312,0.7185,-0.2771,1.2139,0.9368,0.4651,0.1912,0.3382,0.339,0.0065,-0.126
2022-04-29,4389.5937,0.3781,0.5303,-0.4978,0.619,0.1212,0.3386,0.0847,0.2026,0.2104,0.0325,-0.2498
2022-05-06,3904.213,0.3849,0.2777,-0.4688,-0.487,-0.9557,0.0335,-0.0002,-0.0241,0.055,0.0068,-0.5579
2022-05-13,3753.2801,0.357,0.1932,-0.5883,-0.841,-1.4293,-0.2198,0.0561,-0.0703,0.0146,-0.0415,-0.58
2022-05-20,3568.7652,0.3529,0.0504,-0.6061,-2.3289,-2.935,-0.1979,-0.2417,-0.1699,-0.039,-0.0299,-1.6506
2022-05-27,3539.3862,0.3751,0.0772,-0.5106,-1.9703,-2.4809,-0.1954,-0.1367,-0.1734,0.0706,0.0072,-1.5427
2022-06-03,3540.7277,0.3569,0.0854,-0.589,-1.7824,-2.3714,-0.4151,-0.14,-0.2248,-0.0404,-0.0407,-0.9215
2022-06-10,3786.5522,0.3516,0.1866,-0.6118,-0.8605,-1.4723,0.0653,-0.0413,-0.1332,-0.0093,-0.0223,-0.7196
2022-06-17,3891.7012,0.3503,0.0918,-0.6175,-1.6747,-2.2922,0.0419,-0.044,-0.0736,-0.0085,0.0019,-1.5924
2022-06-24,3732.2946,0.322,0.1197,-0.7446,-1.2506,-1.9952,-0.1963,-0.1571,-0.1454,-0.031,0.0015,-0.7223
2022-07-01,3525.4185,0.3274,0.0809,-0.7199,-1.7099,-2.4299,-0.2828,-0.2945,-0.2634,0.0535,-0.0292,-0.8935
2022-07-08,3550.5772,0.337,0.0726,-0.6767,-1.8705,-2.5472,-0.2414,-0.1916,-0.2478,0.0669,-0.0349,-1.2216
2022-07-15,3286.377,0.313,0.0443,-0.7859,-2.2847,-3.0706,-0.6,-0.3755,-0.3436,-0.055,-0.0014,-0.9093
2022-07-22,3507.9302,0.3346,0.0708,-0.6875,-1.887,-2.5745,-0.333,-0.45,-0.2746,-0.0277,0.0098,-0.8115
2022-07-29,3641.4939,0.3417,0.1179,-0.6556,-1.3573,-2.0129,-0.3664,-0.1541,-0.2446,0.0808,-0.0031,-0.67
2022-08-05,3509.989,0.3305,0.0391,-0.706,-2.4944,-3.2004,-0.461,-0.1444,-0.2952,-0.0474,-0.0248,-1.5216
2022-08-12,3186.7504,0.3074,0.0351,-0.8124,-2.5,-3.3124,-0.4664,-0.45,-0.4252,-0.0076,-0.0507,-1.1002
2022-08-19,3333.0996,0.3242,0.074,-0.7346,-1.7917,-2.5263,-0.1372,-0.3973,-0.3865,0.001,-0.049,-0.8227
2022-08-26,3265.9233,0.3293,0.0689,-0.7115,-1.8919,-2.6034,-0.2971,-0.2291,-0.3784,-0.0478,-0.0215,-0.918
2022-09-02,3398.852,0.3188,0.0334,-0.7593,-2.6052,-3.3644,-0.392,-0.0237,-0.2877,-0.0842,-0.0176,-1.8
2022-09-09,3104.0042,0.3404,0.0455,-0.6616,-2.3818,-3.0434,-0.3265,-0.3045,-0.4028,0.0758,-0.0053,-1.4185
2022-09-16,2973.7233,0.3102,0.0379,-0.7991,-2.4343,-3.2334,-0.2527,-0.4158,-0.4642,0.037,-0.0235,-1.3151
2022-09-23,2929.8192,0.3068,0.0554,-0.8153,-2.0214,-2.8367,-0.3478,-0.3832,-0.5044,0.1096,-0.0683,-0.8273
2022-09-30,2892.0659,0.3077,0.0478,-0.811,-2.1813,-2.9923,-0.5134,-0.262,-0.5738,0.0661,-0.0198,-0.8785
2022-10-07,2790.112,0.2919,0.0302,-0.8864,-2.5819,-3.4683,-0.6,-0.45,-0.6466,0.02,-0.063,-0.8423
2022-10-14,2826.4623,0.3031,0.0358,-0.8325,-2.4601,-3.2926,-0.4535,-0.45,-0.6368,0.0913,-0.0504,-0.9607
2022-10-21,2648.2739,0.2846,0.0246,-0.9219,-2.7576,-3.6796,-0.5294,-0.45,-0.7118,0.0187,-0.0395,-1.0456
2022-10-28,2612.0053,0.2731,0.0118,-0.9791,-3.4475,-4.4266,-0.4554,-0.45,-0.7071,-0.0305,-0.0045,-1.8
2022-11-04,2603.6778,0.285,0.013,-0.9196,-3.414,-4.3336,-0.4963,-0.4454,-0.7163,0.0264,0.0176,-1.8
2022-11-11,2636.4257,0.2666,0.0135,-1.0121,-3.2804,-4.2925,-0.4316,-0.2905,-0.7032,-0.0228,-0.0322,-1.8
2022-11-18,2690.379,0.2839,0.0111,-0.9252,-3.5666,-4.4918,-0.6,-0.4186,-0.6974,-0.0026,-0.0479,-1.8
2022-11-25,2547.8275,0.2773,0.0121,-0.9577,-3.4463,-4.404,-0.4055,-0.45,-0.7358,-0.0206,-0.0343,-1.8
2022-12-02,2371.0985,0.2656,0.0095,-1.0172,-3.6259,-4.6431,-0.5929,-0.45,-0.8156,0.0418,-0.0286,-1.7805
2022-12-09,2473.3096,0.2668,0.0109,-1.0108,-3.5018,-4.5126,-0.322,-0.45,-0.8137,-0.0634,-0.0527,-1.8
2022-12-16,2486.3998,0.2451,0.0095,-1.1249,-3.5198,-4.6446,-0.6,-0.3989,-0.8091,-0.0797,-0.0103,-1.6218
2022-12-23,2392.0671,0.2572,0.0128,-1.0608,-3.281,-4.3418,-0.3811,-0.45,-0.8504,-0.0252,-0.0422,-1.5322
2022-12-30,2521.349,0.2687,0.0114,-1.0014,-3.4613,-4.4627,-0.595,-0.45,-0.8228,-0.0263,-0.0365,-1.5308
2023-01-06,2512.8444,0.27,0.0164,-0.9945,-3.099,-4.0936,-0.6,-0.1706,-0.8187,-0.0032,-0.033,-1.4736
2023-01-13,2611.2773,0.2574,0.0118,-1.0593,-3.3652,-4.4245,-0.6,-0.45,-0.7946,-0.0836,-0.0376,-1.3994
2023-01-20,2597.4394,0.2869,0.0319,-0.9106,-2.5033,-3.4138,-0.6,-0.45,-0.8016,0.0428,-0.0293,-0.6651
2023-01-27,2790.7666,0.2649,0.041,-1.0207,-2.1308,-3.1516,-0.5386,-0.45,-0.7484,-0.0117,-0.0576,-0.3246
2023-02-03,2964.3904,0.2974,0.0581,-0.8596,-1.9267,-2.7863,-0.4996,-0.331,-0.6838,0.0265,-0.0551,-0.3837
2023-02-10,2911.1542,0.2873,0.0509,-0.9086,-2.0181,-2.9267,-0.6,-0.4424,-0.7052,0.0746,-0.0664,-0.2788
2023-02-17,3001.0006,0.2742,0.037,-0.9735,-2.2864,-3.26,-0.5826,-0.45,-0.6942,-0.0334,-0.0354,-0.4909
2023-02-24,3054.4636,0.3049,0.0751,-0.8239,-1.687,-2.5109,-0.2784,-0.365,-0.7139,0.0806,-0.029,-0.3813
2023-03-03,3197.2453,0.2663,0.0499,-1.0134,-1.9338,-2.9472,-0.3325,-0.45,-0.6997,-0.0443,-0.0351,-0.3722
2023-03-10,3048.2634,0.2843,0.057,-0.9232,-1.883,-2.8061,-0.5489,-0.2925,-0.7842,0.0469,-0.0123,-0.292
2023-03-17,3107.528,0.2888,0.0589,-0.9012,-1.8706,-2.7718,-0.5971,-0.3632,-0.7566,0.143,-0.0455,-0.2511
2023-03-24,3214.2311,0.2673,0.0442,-1.0085,-2.0662,-3.0747,-0.5828,-0.45,-0.7498,-0.0056,-0.0319,-0.2461
2023-03-31,2962.3974,0.2868,0.0509,-0.9108,-2.0148,-2.9256,-0.5332,-0.3611,-0.8161,0.0574,-0.0682,-0.2938
2023-04-07,2798.487,0.2565,0.0335,-1.0645,-2.297,-3.3615,-0.6,-0.45,-0.8898,-0.0181,-0.055,-0.2842
2023-04-14,2547.8285,0.2583,0.0355,-1.0546,-2.2471,-3.3017,-0.6,-0.4327,-0.9332,0.0621,-0.0338,-0.3095
2023-04-21,2499.9898,0.2582,0.0248,-1.0552,-2.6169,-3.6721,-0.6,-0.45,-0.931,-0.0418,-0.0307,-0.5634
2023-04-28,2551.7438,0.2581,0.0316,-1.0556,-2.3656,-3.4212,-0.5831,-0.45,-0.8878,0.0342,-0.0531,-0.4257
2023-05-05,2684.675,0.2841,0.0442,-0.9243,-2.1484,-3.0728,-0.5153,-0.45,-0.774,-0.0067,-0.0471,-0.3553
2023-05-12,2671.1545,0.2873,0.0505,-0.9085,-2.0252,-2.9336,-0.6,-0.3647,-0.7456,0.0159,-0.0755,-0.2552
2023-05-19,2823.7966,0.2636,0.0533,-1.0274,-1.8493,-2.8767,-0.3385,-0.45,-0.6615,-0.0508,-0.0505,-0.298
2023-05-26,2645.3212,0.2996,0.0488,-0.8493,-2.1201,-2.9694,-0.6,-0.45,-0.7038,-0.019,-0.0265,-0.3207
2023-06-02,2443.9188,0.2535,0.0368,-1.0802,-2.185,-3.2651,-0.6,-0.45,-0.759,-0.0223,-0.0339,-0.3198
2023-06-09,2418.9373,0.209,0.0198,-1.331,-2.5708,-3.9019,-0.5862,-0.444,-0.8062,-0.2503,-0.0362,-0.4479
2023-06-16,2436.747,0.2083,0.0302,-1.3355,-2.1327,-3.4682,-0.47,-0.2822,-0.8136,-0.2526,-0.0453,-0.2689
2023-06-23,2414.0663,0.2108,0.0339,-1.3199,-2.0292,-3.3491,-0.3703,-0.45,-0.7877,-0.1998,-0.0458,-0.1754
2023-06-30,2195.1161,0.2089,0.0185,-1.3314,-2.6401,-3.9715,-0.6,-0.45,-0.8068,-0.2637,-0.0594,-0.4602
2023-07-07,2169.73,0.2083,0.0321,-1.3351,-2.07,-3.4051,-0.4652,-0.347,-0.8129,-0.2141,-0.0323,-0.1984
2023-07-14,2039.1583,0.2098,0.0229,-1.3262,-2.4275,-3.7537,-0.6,-0.45,-0.7982,-0.2314,-0.0376,-0.3104
2023-07-21,2077.4678,0.2076,0.0247,-1.3395,-2.3344,-3.6739,-0.6,-0.4451,-0.8204,-0.2305,-0.0365,-0.2018
2023-07-28,2091.3119,0.2065,0.0256,-1.3463,-2.2913,-3.6376,-0.4987,-0.45,-0.8318,-0.2178,-0.0571,-0.2359
2023-08-04,1995.9581,0.2065,0.0259,-1.346,-2.2825,-3.6285,-0.5318,-0.45,-0.8312,-0.2471,-0.0896,-0.1328
2023-08-11,1938.9642,0.2109,0.0276,-1.3193,-2.2422,-3.5616,-0.6,-0.45,-0.7867,-0.2466,-0.0239,-0.1349
2023-08-18,1892.8626,0.2075,0.0294,-1.3398,-2.1559,-3.4957,-0.4103,-0.392,-0.8208,-0.1601,-0.056,-0.3167
2023-08-25,1904.4462,0.2095,0.0352,-1.3279,-1.9836,-3.3115,-0.4182,-0.3661,-0.801,-0.2613,-0.0634,-0.0736
2023-09-01,1974.2523,0.2098,0.0212,-1.326,-2.5065,-3.8325,-0.6,-0.2249,-0.7978,-0.1634,-0.0322,-0.6881
2023-09-08,1931.6641,0.2143,0.0425,-1.2992,-1.8161,-3.1152,-0.5443,-0.4121,-0.7532,0.0,-0.0532,-0.0533
2023-09-15,1976.3269,0.2188,0.0362,-1.2727,-2.0102,-3.2828,-0.5138,-0.4226,-0.709,0.0,-0.0233,-0.3415
2023-09-22,1960.6986,0.2196,0.0386,-1.2679,-1.9459,-3.2138,-0.5443,-0.4327,-0.701,0.0,-0.0319,-0.236
2023-09-29,1929.7467,0.2198,0.04,-1.2668,-1.9119,-3.1787,-0.6,-0.45,-0.6992,0.0,-0.0306,-0.1322
2023-10-06,1938.9884,0.2229,0.0458,-1.2491,-1.787,-3.0361,-0.6,-0.4066,-0.6697,0.0,-0.0709,-0.0398
2023-10-13,1894.2806,0.2208,0.0362,-1.2613,-2.0206,-3.2819,-0.581,-0.45,-0.69,0.0,-0.0198,-0.2797
2023-10-20,1877.9719,0.2249,0.0545,-1.2374,-1.6153,-2.8527,-0.3913,-0.4159,-0.6502,0.0,-0.0379,-0.1201
2023-10-27,1825.5082,0.2242,0.0458,-1.2414,-1.796,-3.0375,-0.4849,-0.3037,-0.6569,0.0,-0.0506,-0.2999
2023-11-03,1947.7109,0.2293,0.0484,-1.2122,-1.7666,-2.9787,-0.5934,-0.45,-0.6082,0.0,-0.0391,-0.0759
2023-11-10,1965.3531,0.2293,0.0738,-1.2122,-1.318,-2.5302,-0.4289,-0.3011,-0.6082,0.0,-0.0775,0.0977
2023-11-17,1939.8197,0.2272,0.0522,-1.2243,-1.6752,-2.8995,-0.6,-0.2921,-0.6283,0.0,-0.0343,-0.1206
2023-11-24,1967.7907,0.2326,0.0641,-1.1939,-1.4875,-2.6814,-0.3587,-0.4132,-0.5778,0.0,-0.0616,-0.0763
2023-12-01,1976.9019,0.2389,0.0597,-1.1585,-1.5981,-2.7566,-0.6,-0.45,-0.5186,0.0,-0.0659,0.0364
2023-12-08,1979.6121,0.2357,0.0617,-1.1762,-1.5448,-2.7209,-0.5597,-0.448,-0.5481,0.0,-0.0704,0.0814
2023-12-15,2031.9233,0.2376,0.08,-1.1657,-1.2767,-2.4424,-0.6,-0.2489,-0.5308,0.0,-0.0171,0.1201
2023-12-22,2094.3547,0.2437,0.0709,-1.1323,-1.4412,-2.5735,-0.6,-0.3513,-0.475,0.0,-0.0496,0.0346
2023-12-29,2077.7778,0.2386,0.0763,-1.1601,-1.3336,-2.4937,-0.3244,-0.45,-0.5214,0.0,-0.0083,-0.0296
2024-01-05,2058.5073,0.2384,0.0764,-1.1613,-1.3308,-2.4922,-0.5602,-0.4253,-0.5234,0.0,-0.0497,0.2278
2024-01-12,2057.9895,0.2356,0.0856,-1.1767,-1.1921,-2.3688,-0.4582,-0.3037,-0.549,0.0,-0.0741,0.1929
2024-01-19,1932.3335,0.2316,0.0682,-1.199,-1.416,-2.615,-0.5354,-0.3506,-0.5862,0.0,-0.0636,0.1199
2024-01-26,1859.9566,0.2246,0.0432,-1.2389,-1.8586,-3.0976,-0.4926,-0.45,-0.6528,0.0,-0.0184,-0.2449
2024-02-02,1951.106,0.2243,0.0593,-1.2405,-1.5237,-2.7642,-0.5514,-0.45,-0.6554,0.0,-0.0463,0.1793
2024-02-09,2063.0001,0.2297,0.0413,-1.2102,-1.9349,-3.1451,-0.6,-0.45,-0.6048,0.0,-0.0528,-0.2272
2024-02-16,2064.0912,0.2281,0.0792,-1.2188,-1.2348,-2.4537,-0.4021,-0.45,-0.6192,0.0,-0.0391,0.2756
2024-02-23,2116.3059,0.2291,0.0585,-1.2134,-1.5647,-2.7781,-0.6,-0.2544,-0.6102,0.0,-0.032,-0.068
2024-03-01,2152.9974,0.2277,0.0409,-1.2213,-1.9348,-3.1561,-0.6,-0.45,-0.6234,0.0,-0.02,-0.2414
2024-03-08,2369.086,0.2381,0.0855,-1.1629,-1.2064,-2.3693,-0.556,-0.2544,-0.526,0.0,-0.0102,0.1401
2024-03-15,2463.8243,0.24,0.1424,-1.1526,-0.643,-1.7957,-0.2677,-0.2152,-0.5089,0.0,-0.0456,0.3944
2024-03-22,2485.511,0.2385,0.0878,-1.1612,-1.1795,-2.3407,-0.3702,-0.2749,-0.5232,0.0,-0.0655,0.0542
2024-03-29,2455.962,0.2443,0.0902,-1.1293,-1.1823,-2.3116,-0.5083,-0.3893,-0.47,0.0,-0.045,0.2303
2024-04-05,2386.7993,0.247,0.1177,-1.1147,-0.8999,-2.0145,-0.4913,-0.2919,-0.4456,0.0,-0.0304,0.3593
2024-04-12,2427.5815,0.2574,0.1681,-1.0594,-0.5396,-1.5989,-0.4151,-0.2773,-0.3535,0.0,-0.0497,0.556
2024-04-19,2410.8099,0.2589,0.2143,-1.0518,-0.2475,-1.2993,-0.0588,-0.3568,-0.3408,0.0,-0.0488,0.5578
2024-04-26,2354.0201,0.2549,0.1369,-1.0727,-0.7682,-1.8409,-0.3323,-0.257,-0.3757,0.0,-0.0249,0.2217
2024-05-03,2344.2172,0.2502,0.1216,-1.0975,-0.88,-1.9775,-0.358,-0.4332,-0.417,0.0,-0.0351,0.3632
2024-05-10,2308.9632,0.2496,0.1789,-1.1005,-0.4233,-1.5238,-0.2753,-0.1995,-0.422,0.0,-0.0337,0.5073
2024-05-17,2434.0595,0.2497,0.095,-1.1001,-1.1537,-2.2538,-0.3888,-0.3643,-0.4214,0.0,-0.0495,0.0703
2024-05-24,2516.9173,0.2591,0.155,-1.0508,-0.6453,-1.6961,-0.3937,-0.2452,-0.3392,0.0,-0.0341,0.3669
2024-05-31,2546.6186,0.2687,0.2547,-1.0013,-0.0722,-1.0735,-0.3083,-0.1784,-0.2566,0.0,-0.0421,0.7132
2024-06-07,2671.3994,0.2754,0.3075,-0.9672,0.1552,-0.812,-0.2329,-0.1895,-0.1998,0.0,-0.0012,0.7787
2024-06-14,2708.6232,0.2763,0.2647,-0.9627,-0.0589,-1.0216,-0.2202,-0.0991,-0.1924,0.0,0.0024,0.4503
2024-06-21,2682.8043,0.2764,0.1865,-0.9622,-0.5108,-1.473,-0.1092,-0.2047,-0.1915,0.0,-0.0552,0.0497
2024-06-28,2817.1541,0.2953,0.3995,-0.8696,0.462,-0.4076,-0.0353,0.056,-0.0372,0.0,-0.0223,0.5007
2024-07-05,2888.9147,0.3008,0.4867,-0.8434,0.7902,-0.0532,0.113,-0.1291,0.0065,0.0,-0.0293,0.8291
2024-07-12,2848.6688,0.3083,0.6047,-0.8081,1.2331,0.4249,0.0634,0.0673,0.0653,0.0,-0.0065,1.0436
2024-07-19,2869.2975,0.3065,0.627,-0.8164,1.3356,0.5192,0.0704,0.2371,0.0514,0.0,0.0035,0.9732
2024-07-26,2840.9189,0.304,0.3947,-0.8285,0.4007,-0.4278,-0.2516,-0.0737,0.0314,0.0,-0.0259,0.7206
2024-08-02,2776.7994,0.3077,0.6043,-0.8108,1.2341,0.4233,0.2018,-0.0168,0.0608,0.0,-0.0124,1.0006
2024-08-09,2874.4162,0.3182,0.6819,-0.7619,1.5244,0.7624,0.211,0.1693,0.1422,0.0,-0.0062,1.0081
2024-08-16,3046.1206,0.3331,0.74,-0.6942,1.7402,1.046,0.4224,0.2236,0.2552,0.0,0.0277,0.8113
2024-08-23,2976.1689,0.3276,0.6395,-0.7191,1.2921,0.573,-0.18,0.2094,0.2137,0.0,0.0215,1.0274
2024-08-30,3053.7702,0.3257,0.7777,-0.7275,1.9799,1.2524,0.5231,0.2123,0.1996,0.0,0.0045,1.0404
2024-09-06,3040.7427,0.3289,0.6331,-0.713,1.2584,0.5454,0.2273,0.2455,0.2238,0.0,0.0245,0.5373
2024-09-13,3040.201,0.3247,0.7129,-0.7322,1.6418,0.9096,0.3739,0.2684,0.1919,0.0,0.0074,0.8002
2024-09-20,3031.6585,0.3256,0.6642,-0.7279,1.4102,0.6822,0.072,0.2039,0.1989,0.0,0.0135,0.9218
2024-09-27,3002.5553,0.3268,0.623,-0.7228,1.2253,0.5025,0.3188,0.1454,0.2074,0.0,0.0531,0.5006
2024-10-04,3042.2282,0.3283,0.6832,-0.7157,1.4842,0.7685,0.0911,0.2459,0.2193,0.0,0.0474,0.8806
2024-10-11,3015.5364,0.3311,0.6812,-0.7033,1.4627,0.7594,0.1738,0.3843,0.24,0.0,-0.0037,0.6684
2024-10-18,3072.1122,0.3363,0.7945,-0.6799,2.0325,1.3526,0.5772,0.2098,0.2789,0.0,0.0419,0.9247
2024-10-25,3105.1191,0.3441,0.7108,-0.6452,1.5443,0.8991,0.327,0.1663,0.3369,0.0,0.0456,0.6685
2024-11-01,3123.8315,0.3325,0.7106,-0.6968,1.5951,0.8983,0.3058,0.3132,0.2509,0.0,0.0002,0.725
2024-11-08,3090.4405,0.3289,0.7241,-0.7131,1.6778,0.9647,0.3725,0.1699,0.2237,0.0,0.0374,0.8743
2024-11-15,3082.9639,0.3309,0.7093,-0.7039,1.5958,0.8919,0.3341,-0.0237,0.239,0.0,0.053,0.9934
2024-11-22,3178.1805,0.334,0.6935,-0.6901,1.5065,0.8164,0.307,0.2955,0.262,0.0,0.0016,0.6405
2024-11-29,3256.1188,0.3379,0.7004,-0.6728,1.5218,0.8491,0.3654,0.1781,0.2908,0.0,0.0078,0.6797
2024-12-06,3215.6164,0.3352,0.7521,-0.6847,1.7946,1.1099,0.6401,0.2083,0.271,0.0,0.0451,0.6301
2024-12-13,3262.1891,0.333,0.7302,-0.6945,1.6904,0.9959,0.2699,0.2385,0.2546,0.0,0.0289,0.8984
2024-12-20,3362.6146,0.3331,0.7054,-0.6941,1.5674,0.8734,0.3078,0.2249,0.2554,0.0,0.0346,0.7447
2024-12-27,3262.6268,0.329,0.6745,-0.7127,1.4413,0.7286,0.3991,0.2534,0.2244,0.0,0.0279,0.5365
2025-01-03,3346.0978,0.3355,0.5771,-0.6834,0.9943,0.3109,0.4553,0.1753,0.2731,0.0,0.0327,0.0579
2025-01-10,3330.8209,0.3345,0.805,-0.6879,2.1056,1.4178,0.4598,0.2647,0.2657,0.0,-0.0022,1.1176
2025-01-17,3418.3048,0.3524,0.8632,-0.6084,2.4503,1.8419,0.4973,0.2776,0.3982,0.0,0.054,1.2232
2025-01-24,3394.0982,0.3589,0.8277,-0.5801,2.1495,1.5694,0.2762,0.406,0.4453,0.0,0.059,0.9629
2025-01-31,3281.6787,0.3412,0.8402,-0.6578,2.3174,1.6595,0.5708,0.3108,0.3157,0.0,0.0234,1.0966
2025-02-07,3187.532,0.3248,0.6268,-0.7319,1.2505,0.5187,0.0498,0.0643,0.1924,0.0,0.0175,0.9266
2025-02-14,3229.6142,0.3269,0.6544,-0.7223,1.3608,0.6386,0.2752,0.2788,0.2084,0.0,-0.0109,0.6094
2025-02-21,3289.3397,0.3255,0.4975,-0.7287,0.7188,-0.0099,0.1118,0.1084,0.1977,0.0,0.0291,0.2718
2025-02-28,3201.6752,0.3175,0.6359,-0.7654,1.3228,0.5574,0.1457,0.1941,0.1366,0.0,0.0248,0.8216
2025-03-07,3289.2434,0.3061,0.5442,-0.8185,0.9956,0.1771,0.1025,0.077,0.048,0.0,0.0035,0.7647
2025-03-14,3114.4096,0.292,0.414,-0.8855,0.5382,-0.3473,-0.0268,0.1305,-0.0636,0.0,0.0162,0.4819
2025-03-21,3122.7786,0.2911,0.3452,-0.89,0.2497,-0.6403,-0.0209,-0.082,-0.0712,0.0,-0.0138,0.4376
2025-03-28,3006.0318,0.2875,0.397,-0.9077,0.4898,-0.4179,0.1174,-0.119,-0.1007,0.0,0.0014,0.5907
2025-04-04,2952.4815,0.2888,0.1694,-0.9014,-0.6883,-1.5897,-0.0378,-0.0772,-0.0901,0.0,-0.0293,-0.4538
2025-04-11,2972.142,0.2873,0.2736,-0.9086,-0.0676,-0.9762,-0.1519,-0.1156,-0.1022,0.0,-0.0106,0.3128
2025-04-18,2897.4982,0.2847,0.3275,-0.9211,0.2014,-0.7196,-0.001,-0.0222,-0.123,0.0,-0.0155,0.3631
2025-04-25,2872.987,0.2867,0.2536,-0.9116,-0.168,-1.0796,0.0491,-0.2509,-0.1072,0.0,-0.006,0.147
2025-05-02,2988.5392,0.2926,0.3221,-0.8829,0.1386,-0.7443,-0.245,-0.1552,-0.0594,0.0,-0.0133,0.6115
2025-05-09,2943.1397,0.2924,0.3401,-0.8836,0.2208,-0.6628,0.0166,-0.1575,-0.0605,0.0,-0.0086,0.4308
2025-05-16,3043.9399,0.2897,0.3765,-0.897,0.3927,-0.5043,0.0061,0.0257,-0.0828,0.0,0.0083,0.4354
2025-05-23,2938.8031,0.2805,0.2872,-0.9419,0.0329,-0.909,-0.2207,0.0408,-0.1576,0.0,-0.024,0.3944
2025-05-30,3007.9917,0.282,0.237,-0.9346,-0.2344,-1.1691,0.0334,-0.131,-0.1456,0.0,-0.0463,0.0551
2025-06-06,3174.7996,0.2827,0.2749,-0.9309,-0.0388,-0.9697,-0.1795,-0.1325,-0.1394,0.0,0.0214,0.3912
2025-06-13,2916.0294,0.2707,0.1684,-0.9909,-0.606,-1.5968,-0.2449,-0.1868,-0.2393,0.0,0.0054,0.0597
2025-06-20,2849.2776,0.2692,0.1905,-0.9985,-0.4485,-1.447,-0.3005,-0.0871,-0.252,0.0,-0.0491,0.2403
2025-06-27,2921.0724,0.2666,0.13,-1.012,-0.8889,-1.9009,-0.2951,-0.3126,-0.2745,0.0,-0.0112,0.0044
2025-07-04,2914.9189,0.2637,0.1273,-1.0268,-0.8979,-1.9246,-0.4783,-0.2137,-0.2991,0.0,-0.0368,0.13
2025-07-11,2967.3586,0.2672,0.1217,-1.0088,-0.968,-1.9769,-0.4997,-0.1185,-0.2692,0.0,-0.0193,-0.0613
2025-07-18,2919.467,0.2647,0.0907,-1.0215,-1.284,-2.3055,-0.0828,-0.1813,-0.2904,0.0,-0.0203,-0.7092
2025-07-25,2942.9122,0.2667,0.0989,-1.0113,-1.1984,-2.2097,-0.4182,-0.2001,-0.2734,0.0,-0.0296,-0.2771
2025-08-01,2941.5917,0.2692,0.1571,-0.9986,-0.6811,-1.6797,-0.4184,-0.1033,-0.2521,0.0,-0.0389,0.1316
2025-08-08,3076.5294,0.2704,0.1,-0.9925,-1.2049,-2.1974,-0.5758,-0.45,-0.242,0.0,-0.0363,0.0992
2025-08-15,3119.3078,0.2656,0.097,-1.017,-1.2135,-2.2305,-0.3973,-0.1581,-0.2828,0.0,-0.0439,-0.3313
2025-08-22,3171.7623,0.2701,0.0862,-0.9944,-1.3664,-2.3607,-0.4592,-0.2635,-0.2451,0.0,-0.0394,-0.3591
2025-08-29,3126.2275,0.2657,0.1274,-1.0166,-0.9074,-1.9241,-0.0682,-0.4085,-0.2822,0.0,-0.0269,-0.1217
2025-09-05,3074.244,0.2645,0.1623,-1.0229,-0.6181,-1.641,-0.1691,-0.1819,-0.2927,0.0,-0.0406,0.0662
2025-09-12,3028.2019,0.263,0.1101,-1.0303,-1.0596,-2.0899,-0.425,-0.1043,-0.305,0.0,-0.0136,-0.2116
2025-09-19,3057.9799,0.2645,0.0972,-1.0228,-1.2064,-2.2292,0.01,-0.2466,-0.2925,0.0,0.0034,-0.6806
2025-09-26,3013.2431,0.2641,0.128,-1.0247,-0.8942,-1.9189,-0.1759,-0.1399,-0.2957,0.0,-0.0381,-0.2446
2025-10-03,3033.4114,0.2636,0.1304,-1.0275,-0.8702,-1.8977,-0.3684,-0.0771,-0.3004,0.0,-0.0221,-0.1022
2025-10-10,3216.2109,0.2709,0.1503,-0.9899,-0.7421,-1.7321,-0.6,-0.0611,-0.2378,0.0,-0.0121,0.1688
2025-10-17,3293.8301,0.2716,0.1779,-0.9863,-0.5444,-1.5308,0.0745,-0.0241,-0.2318,0.0,-0.0122,-0.3509
2025-10-24,3255.0265,0.2692,0.1362,-0.9985,-0.849,-1.8475,-0.4756,-0.1291,-0.252,0.0,-0.0217,0.0292
2025-10-31,3365.8159,0.2724,0.146,-0.9824,-0.7839,-1.7664,-0.4858,-0.1756,-0.2252,0.0,-0.0063,0.109
2025-11-07,3317.8791,0.2721,0.1704,-0.9841,-0.5986,-1.5827,-0.1044,-0.3455,-0.228,0.0,-0.0117,0.091
2025-11-14,3108.3758,0.2654,0.1908,-1.0181,-0.4268,-1.445,0.0443,-0.2519,-0.2848,0.0,-0.0505,0.116
2025-11-21,3008.1537,0.2592,0.1065,-1.0501,-1.077,-2.1271,-0.156,-0.3488,-0.3379,0.0,-0.0121,-0.2222
2025-11-28,2833.3085,0.2517,0.0574,-1.0895,-1.7098,-2.7993,-0.3283,-0.0899,-0.4036,0.0,-0.0157,-0.8722
2025-12-05,2797.7635,0.252,0.0836,-1.0882,-1.3068,-2.395,-0.3222,-0.3233,-0.4015,0.0,-0.0486,-0.2113
2025-12-12,2793.7139,0.2508,0.0414,-1.0941,-2.0469,-3.141,-0.2927,-0.2995,-0.4114,0.0,-0.0331,-1.0103
2025-12-19,2928.6311,0.2526,0.1112,-1.085,-0.993,-2.0781,-0.2945,-0.2473,-0.3962,0.0,-0.0193,-0.0357
2025-12-26,2951.4973,0.2562,0.1008,-1.0658,-1.1222,-2.188,-0.3372,-0.2776,-0.3642,0.0,-0.0353,-0.1079
2026-01-02,2926.1941,0.2535,0.0832,-1.0802,-1.3188,-2.399,-0.3824,-0.1279,-0.3882,0.0,-0.0111,-0.4091
2026-01-09,2993.1517,0.2562,0.0555,-1.0658,-1.7676,-2.8334,-0.3868,-0.3442,-0.3641,0.0,0.0162,-0.6887
2026-01-16,2788.6175,0.2483,0.0302,-1.1076,-2.3605,-3.4681,-0.5411,-0.3059,-0.4339,0.0,-0.0507,-1.0289
2026-01-23,2802.7515,0.2497,0.0669,-1.1003,-1.5357,-2.6361,-0.4639,-0.3924,-0.4218,0.0,-0.062,-0.1957
2026-01-30,2861.9623,0.2547,0.0314,-1.0739,-2.3538,-3.4278,-0.6,-0.4227,-0.3777,0.0,-0.0258,-0.9275
2026-02-06,2729.2886,0.2534,0.062,-1.0805,-1.6359,-2.7164,-0.4118,-0.3588,-0.3886,0.0,-0.0181,-0.4585
2026-02-13,2817.4791,0.2554,0.0345,-1.07,-2.2628,-3.3328,-0.526,-0.2902,-0.3713,0.0,-0.0362,-1.0391
2026-02-20,2840.4553,0.2549,0.0576,-1.0729,-1.7212,-2.7941,-0.5464,-0.3325,-0.376,0.0,-0.0028,-0.4636
2026-02-27,2799.3862,0.2563,0.0742,-1.0653,-1.4581,-2.5234,-0.3511,-0.3506,-0.3633,0.0,-0.0578,-0.3353
2026-03-06,2846.9294,0.2558,0.098,-1.0681,-1.1512,-2.2193,-0.1805,-0.4251,-0.368,0.0,-0.0175,-0.1601
2026-03-13,3035.1707,0.2674,0.1566,-1.0081,-0.6759,-1.684,-0.1588,-0.2234,-0.268,0.0,-0.0366,0.0108
2026-03-20,3045.6602,0.2678,0.0626,-1.0059,-1.7011,-2.7069,-0.5137,-0.3629,-0.2643,0.0,0.0102,-0.5704
2026-03-27,3062.2487,0.2728,0.1788,-0.9806,-0.5436,-1.5242,-0.3883,-0.1049,-0.2222,0.0,0.019,0.1529
2026-04-03,3013.9239,0.2734,0.079,-0.9776,-1.4784,-2.4561,-0.1051,-0.1688,-0.2172,0.0,-0.0358,-0.9514
2026-04-10,2931.0551,0.2699,0.075,-0.9949,-1.5179,-2.5128,-0.4111,-0.3446,-0.246,0.0,-0.0338,-0.4823
2026-04-17,2998.2058,0.2757,0.1922,-0.966,-0.4698,-1.4358,-0.253,-0.193,-0.1978,0.0,-0.0016,0.1756
2026-04-24,2915.2079,0.2738,0.1733,-0.9754,-0.5871,-1.5626,-0.1577,-0.2494,-0.2136,0.0,-0.0279,0.0614
2026-05-01,2915.6364,0.2697,0.1541,-0.996,-0.7067,-1.7027,-0.4109,-0.1683,-0.2478,0.0,-0.0238,0.1442
2026-05-08,2868.0248,0.2699,0.1044,-0.995,-1.1547,-2.1497,-0.2546,-0.0649,-0.2462,0.0,-0.0223,-0.5667
2026-05-15,2903.5006,0.2679,0.0368,-1.0055,-2.2606,-3.2661,-0.479,-0.3995,-0.2637,0.0,-0.0626,-1.0558
2026-05-22,2926.7572,0.2731,0.1718,-0.9787,-0.5945,-1.5732,-0.3292,-0.167,-0.219,0.0,-0.0209,0.1415
2026-05-29,3012.0025,0.2742,0.079,-0.9736,-1.4826,-2.4562,-0.1877,-0.1879,-0.2105,0.0,-0.0337,-0.8628
2026-06-05,2959.8934,0.2662,0.0871,-1.014,-1.335,-2.349,-0.5299,-0.1552,-0.2779,0.0,-0.0351,-0.3369
2026-06-12,2930.0096,0.2754,0.2237,-0.9675,-0.277,-1.2444,-0.1597,-0.1426,-0.2003,0.0,0.0099,0.2158
2026-06-19,2838.116,0.2747,0.1538,-0.971,-0.7339,-1.7049,-0.2321,-0.2437,-0.2062,0.0,-0.0447,-0.0073
